{
    "Error_Color": [
        0.8999999761581421,
        0.0,
        0.0,
        1.0
    ],
    "Fatal_Color": [
        0.0,
        0.800000011920929,
        0.800000011920929,
        1.0
    ],
    "Info_Color": [
        1.0,
        1.0,
        1.0,
        1.0
    ],
    "Show_Log": true,
    "Trace_Color": [
        0.20000000298023224,
        0.800000011920929,
        0.20000000298023224,
        1.0
    ],
    "VSync": true,
    "Warn_Color": [
        1.0,
        0.800000011920929,
        0.0,
        1.0
    ],
    "Window_Height": 900,
    "Window_Width": 1600
}
